
{
  "stadiums": [
    { "slug":"metlife-stadium","name":"MetLife Stadium","citySlug":"new-york-new-jersey","official_url":"https://www.metlifestadium.com/","lat":40.813528,"lng":-74.074361 },
    { "slug":"att-stadium","name":"AT&T Stadium","citySlug":"dallas","official_url":"https://attstadium.com/","lat":32.74778,"lng":-97.09278 },
    { "slug":"nrg-stadium","name":"NRG Stadium","citySlug":"houston","official_url":"https://www.nrgpark.com/venues/nrg-stadium/","lat":29.68472,"lng":-95.41083 },
    { "slug":"arrowhead-stadium","name":"Arrowhead Stadium","citySlug":"kansas-city","official_url":"https://www.chiefs.com/stadium/","lat":39.04889,"lng":-94.48389 },
    { "slug":"mercedes-benz-stadium","name":"Mercedes-Benz Stadium","citySlug":"atlanta","official_url":"https://www.mercedesbenzstadium.com/","lat":33.75556,"lng":-84.4 },
    { "slug":"sofi-stadium","name":"SoFi Stadium","citySlug":"los-angeles","official_url":"https://www.sofistadium.com/","lat":33.953,"lng":-118.339 },
    { "slug":"levis-stadium","name":"Levi's Stadium","citySlug":"san-francisco-bay-area","official_url":"https://www.levisstadium.com/","lat":37.403,"lng":-121.97 },
    { "slug":"lumen-field","name":"Lumen Field","citySlug":"seattle","official_url":"https://www.lumenfield.com/","lat":47.5952,"lng":-122.3316 },
    { "slug":"gillette-stadium","name":"Gillette Stadium","citySlug":"boston","official_url":"https://www.gillettestadium.com/","lat":42.091,"lng":-71.264 },
    { "slug":"lincoln-financial-field","name":"Lincoln Financial Field","citySlug":"philadelphia","official_url":"https://www.lincolnfinancialfield.com/","lat":39.90083,"lng":-75.1675 },
    { "slug":"hard-rock-stadium","name":"Hard Rock Stadium","citySlug":"miami","official_url":"https://hardrockstadium.com/","lat":25.95806,"lng":-80.23889 },
    { "slug":"bmo-field","name":"BMO Field","citySlug":"toronto","official_url":"https://www.bmofield.com/","lat":43.63333,"lng":-79.41861 },
    { "slug":"bc-place","name":"BC Place","citySlug":"vancouver","official_url":"https://bcplace.com/","lat":49.276684,"lng":-123.112404 },
    { "slug":"estadio-azteca","name":"Estadio Azteca","citySlug":"mexico-city","official_url":"https://www.estadioazteca.com.mx/","lat":19.30306,"lng":-99.15056 },
    { "slug":"estadio-bbva","name":"Estadio BBVA","citySlug":"monterrey","official_url":"https://www.estadiobbva.com/","lat":25.66917,"lng":-100.24444 },
    { "slug":"estadio-akron","name":"Estadio Akron","citySlug":"guadalajara","official_url":"https://www.estadioakron.mx/","lat":20.68167,"lng":-103.46278 }
  ]
}
